area_ratio,R_mean,G_mean,B_mean,R_std,G_std,B_std,R_min,G_min,B_min,R_max,G_max,B_max,aspect_ratio,circularity,roughness,symmetry_score,hu_1,hu_2,hu_3,hu_4,hu_5,hu_6,hu_7,ID
0.007198875,66.7505223617116,53.38702806572786,38.78619344457757,47.329371755675865,44.41560116629213,35.298702396410384,5,3,0,203,199,186,1.2329545454545454,0.1628055246188548,6.142297703597998,-20.70869869713439,3.0923945935618913,8.285826220918759,9.895985914095762,9.997082404482674,9.99999999999999,-9.999999832112689,9.999999999999993,1
0.015549583333333334,82.40383182829122,63.18106594496101,59.682017203033304,52.36369970057109,48.852400699245095,50.48066370207032,4,0,0,255,255,255,1.1377551020408163,0.21496243311359822,4.651975629022041,-170.93110747876418,3.0754730368756458,7.9142136574039155,9.609727186558723,9.99876213704021,9.999999999999993,-9.99999990540897,9.999999999999996,10
0.025340666666666668,57.150882310383835,48.67015962484544,43.055350753729186,51.68615609291158,46.36411961900147,44.3313830106659,1,1,0,255,255,255,0.9923076923076923,0.3216435223163211,3.1090319891981975,-90.48193943858357,3.147343125618249,7.595739246952023,9.904111781606836,9.994711502568354,-9.999999999999975,9.999999222686162,9.999999999999984,100
0.0257145,79.70279900445274,64.67220342608256,56.632629450310134,58.749182583365155,52.89373196272036,51.07557512996772,0,0,0,255,255,255,0.68125,0.30004225864710693,3.332863858940538,-78.19869464050763,3.125862768742749,7.210017192284953,9.784136293463163,9.99866540500482,9.999999999999995,-9.999999903842848,-9.999999999999996,101
0.026654166666666666,68.93065812099421,56.02605127403471,50.024087853681415,60.17033040059961,52.410673627679216,52.49578259827528,0,0,0,255,255,255,0.9452054794520548,0.319915502120458,3.1258253925541393,-103.30502423010786,3.10071425869865,6.887545763846171,9.914134255984356,9.990651143726394,-9.999999999999964,-9.999996657947616,9.999999999999945,102
0.028225166666666666,81.31879203547662,66.790238912082,58.255952134915056,59.19534254199195,52.096450959956506,50.06910933359936,0,1,0,255,255,255,1.2461538461538462,0.36987821534741777,2.7035925840092054,-52.752071142183986,3.1197362221303377,7.14465917770755,9.873682806854175,9.994184655550654,-9.999999999999961,9.999999478352912,-9.999999999999995,103
0.024927166666666667,76.42868389909269,70.00845463115877,60.49168744943602,62.1324429509921,62.867982007312726,56.42238608004767,2,1,0,250,240,249,1.0208333333333333,0.2759688505824302,3.6235973657510154,-48.084566370024675,3.0490320033201153,6.731661067855752,9.547344866926274,9.956127125955584,-9.999999999997987,-9.999983178383737,9.999999999999668,104
0.023710833333333334,80.15438618071909,61.102969809861875,53.9687800934875,61.540598009130775,57.11019665722768,57.55921620406462,3,0,0,255,255,255,0.6842105263157895,0.5853949472192518,1.7082484308243286,-3.3522932555442306,3.1309871349096214,6.932129571341005,9.855730976435515,9.989846632612275,9.99999999999994,9.999997940126736,9.99999999999992,105
0.0315595,68.10974772519633,51.90527416467308,40.52337119831852,45.03107665558895,37.106123036398074,30.689199803655633,0,0,0,255,255,255,1.2481751824817517,0.28509943911710867,3.5075481140778404,-139.67876550642438,3.11516932351593,7.724323278072802,9.647429915309711,9.977334591869829,9.999999999999487,-9.99999748726172,9.999999999999686,106
0.021639,108.29329181878398,83.63727914105704,64.08316581172882,59.5003464282658,52.28753962568955,39.567561792791636,6,0,0,255,255,255,0.896551724137931,0.3747589940631356,2.6683815888120317,-254.0,3.1512430583353654,8.17622272044819,9.919555800659232,9.993986966507334,-9.999999999999968,-9.999999600827978,-9.999999999999993,107
0.0153065,71.41703143544682,54.89458726684742,52.619431831792596,45.57685407761529,39.86674625630141,43.66181756538147,1,0,0,255,255,255,1.2988505747126438,0.4559510422106192,2.1932179278532042,-31.658358649375536,3.1547684029678624,7.369417802759215,9.934034765921172,9.993949769669962,9.999999999999991,-9.999999967080734,-9.999999999999972,108
0.03264966666666667,81.8713922551532,65.75769915976682,46.88347634993721,50.862524895456765,48.814020867541814,35.73944444556945,3,0,0,220,209,255,0.9116279069767442,0.18760763017070656,5.330273609287459,-174.72399922408601,3.0002061719557327,8.133170668177398,9.234336368518823,9.865412701835844,-9.999999999979641,-9.999996488212826,9.999999999995278,109
0.013443375,120.43727548575662,88.93434498405348,82.08458317448806,45.92521909851394,42.52515415821362,46.7434851007817,12,2,0,255,246,255,0.9224806201550387,0.33354589663370016,2.9980881494634866,-200.59322900685282,3.106712566580611,7.467187725745458,9.797114974328217,9.997370382240332,10.0,9.999999524161575,9.999999999999984,11
0.021689,73.23347280495489,64.10663047320455,37.59503857562205,45.70299874990875,40.82381741221567,29.485109642262813,3,2,0,245,227,233,0.9106302916274694,0.33698554580424284,2.9674863282732655,-35.79937602778674,3.1576088025449853,7.884994932970329,9.941839812666636,9.996644338043167,-9.99999999999999,-9.99999962026309,-9.999999999999995,110
0.021688333333333334,76.99542957042956,64.80999577345732,57.728217935910244,55.974491364225216,52.97788769433801,51.09289777810475,2,1,0,255,255,255,0.9586466165413534,0.326423221134424,3.063507542522496,-155.86037039883195,3.12663551936657,7.1007339111662455,9.817140790785668,9.992382234324763,-9.999999999999961,-9.999998617221987,9.999999999999938,111
0.044359166666666665,73.91542804005185,57.91564783678683,57.842309932182374,59.90428842940012,51.99952187417639,54.86500518137295,0,0,0,255,255,255,0.9352941176470588,0.557365688089205,1.794154217544579,-111.92699742631173,3.15778563614331,7.539501557579405,9.82362044803781,9.999526748165842,-9.999999999999998,9.999999945184326,10.0,112
0.028797333333333335,56.54241422816928,46.62733239188814,40.955591952958606,58.17161216692459,53.533163470563885,50.84805030270703,0,0,0,255,255,255,0.7320261437908496,0.48503396427621503,2.0617112896249736,0.5002662283544772,3.1545645798714705,7.220575928775941,9.9529689882767,9.992857541133263,9.999999999999973,9.999998236674172,-9.999999999999986,113
0.018531333333333334,59.9264219160341,48.01742094470627,41.47479719034428,50.24056610247846,43.60346811548293,41.18359986525607,1,0,0,255,255,255,1.0176991150442478,0.27473911029059767,3.6398166935244443,-20.11218836565097,3.109301155069254,6.865330484085289,9.98588481646806,9.996849750460504,9.999999999999995,-9.999999465405299,10.0,114
0.014578666666666667,48.25757385220413,35.063826138650086,28.610703996707517,46.34631385495757,35.56704647731119,36.44290499427943,0,0,0,255,255,255,1.452054794520548,0.5589062245221005,1.7892089157795767,-254.0,3.133094861608282,6.97786509817686,9.831269576329065,9.98695701549193,9.999999999999947,9.999998451109171,9.999999999999849,115
0.028987666666666665,44.072200246081664,34.127051159688605,23.378694099789566,41.98977782090206,36.92559199896569,29.635938111769455,0,0,0,255,255,255,0.75,0.44966813853531995,2.223862253743573,-59.1245357220887,3.124036734285832,6.863085018658731,9.942140840662596,9.998693128609188,-10.0,-9.999999817592716,9.999999999999998,116
0.03543516666666666,79.33237697014737,63.969751094722284,44.20790551758846,55.04209463970868,49.201628088260875,37.77769459133865,0,0,0,255,255,255,0.9393939393939394,0.4173303857664166,2.3961830580905166,0.006688271067818663,3.1537324069496635,7.658743707949001,9.910745593505421,9.999737995236064,-10.0,9.999999967476766,-10.0,117
0.037257,51.736603188662535,43.72872882948171,43.70528468923066,50.030491788653094,45.573749576652745,46.87815091744344,0,0,0,255,244,255,1.1712328767123288,0.3623127726453119,2.760046223870872,-227.5328931475964,3.117562636247152,7.200961882231788,9.839618680850746,9.997951910137518,-9.999999999999991,-9.999999708271972,9.999999999999995,118
0.015522,98.86679658978655,85.03650732293949,76.41388029893055,59.26082927106367,59.95046411253332,58.26662468343941,6,4,0,255,255,255,0.8699186991869918,0.2594600871240073,3.854157342981951,-22.531954645019972,3.0274431095459233,7.766082250180314,9.222687611710137,9.920854589455473,-9.999999999994419,-9.999988735231698,-9.999999999993365,119
0.017804333333333332,109.29986847771141,75.56768483328028,82.35716960290566,44.58634039206151,37.47360526226978,50.93913567348574,10,0,0,235,195,255,1.055299539170507,0.267499198911806,3.7383289522652396,-6.793299384045083,3.0618288491592747,8.409190712408886,9.604524681788385,9.943521794352705,9.999999999997582,9.999998553548735,-9.99999999999871,12
0.02839925,92.23340405116332,68.99127617806808,50.79877989735645,69.91322839791547,54.7893073594909,42.85760249758821,4,0,0,255,255,255,1.441860465116279,0.09937328242437017,10.063067009595247,-1.1274270740717918,3.137708849857843,7.922336029364336,9.911580412442147,9.989908527649728,-9.999999999999975,-9.999999725344757,-9.999999999999929,120
0.018408125,52.270211297094804,40.38513111284646,38.695331545173666,40.983325918618725,33.45577913416639,37.68652622821997,1,0,0,255,255,255,1.3235294117647058,0.1557584486222689,6.420197484278357,-4.508634094998811,3.1047448061491707,7.091846247239791,9.847136048741168,9.998803785638255,9.999999999999998,-9.999999830964358,-9.999999999999996,121
0.027151333333333333,84.68429266825447,63.56085643430648,50.8648547032681,56.69897109425694,48.472602453399254,43.06832012486656,0,0,0,255,255,255,1.3220338983050848,0.12938256868213527,7.729016436956412,-162.97174171925258,3.0113832233944957,7.3370945274959345,9.17429953798754,9.796782516797284,-9.99999999999839,-9.999950423181957,9.999999999952262,122
0.0302785,113.03840046017251,90.63322572122132,83.88364130763853,76.30952605902499,71.50702203227968,74.75051225712275,2,0,0,255,255,255,0.9954954954954955,0.18621407556380615,5.370163329340913,-176.67024456297372,3.102286555305235,7.248140079775654,9.799113173088255,9.998394863809262,9.999999999999993,-9.999999898730081,-9.999999999999996,123
0.032656375,71.88665306544281,66.42482261630896,54.12088629963777,51.874154995785375,49.83650600148139,49.178215871287854,0,0,0,255,255,255,1.1861702127659575,0.17668856000570987,5.6596759856301055,-254.0,3.0670642961739074,7.588572732283942,9.93887904462505,9.97753413263477,-9.999999999999796,9.999997897927326,-9.999999999999966,124
0.038882208333333335,65.16607852991889,54.26297588978678,38.30680913399766,54.534697858504394,47.56385767636129,47.53078171559868,0,0,0,255,255,255,0.922509225092251,0.16472199764475215,6.070834583712075,-21.851140142288727,3.071458667338248,7.4768611448564775,9.471296077915644,9.990272831882018,-9.999999999999774,-9.99999843573289,9.999999999999968,125
0.04084775,78.70723601667166,60.93383152478819,54.3738629014654,67.6622433210776,59.0914272771551,61.00885449992696,0,0,0,255,255,255,0.5671140939597316,0.24510683684350698,4.079853556424324,-80.42097381944743,3.059720680116799,6.564329489496111,9.954819972504396,9.980044758319915,9.999999999999861,9.999995576648914,-9.999999999999954,126
0.032170333333333336,87.26003512552973,73.98492140792241,56.55249142584783,52.73402151694145,50.6352822789704,42.21195395713009,0,0,0,255,255,255,1.160220994475138,0.22715097537021714,4.402358380236072,-254.0,3.1365304480390734,7.625005175021217,9.836184991029034,9.996035034864946,9.999999999999995,-9.999999400118638,-9.999999999999975,127
0.04239645833333333,56.28725669891844,46.40260831535653,45.92863888984438,53.232464747375076,48.5437700617364,52.06759152638376,0,0,0,255,255,255,0.9260869565217391,0.16610158984747853,6.020411971481734,-254.0,3.119130652115996,7.673398024293539,9.866833736091124,9.980486306811304,-9.999999999999833,9.999997540051943,-9.999999999999806,128
0.030271125,86.14045150287609,66.3192550106193,53.573391584664705,50.60168665195235,45.54533060322647,38.58660178959806,1,0,0,255,255,255,1.0241046831955922,0.1826994611052503,5.47346989394668,-2.268663619208074,3.035442443378444,7.660420002511375,9.267065819277715,9.9472295015709,9.99999999999751,9.999995679617102,9.999999999996575,129
0.01600375,104.81294748626624,77.97965320627978,51.88623760056237,47.796521092009634,42.56749966680669,38.790392712285076,5,3,0,255,255,255,2.0821917808219177,0.20954431800996648,4.772260157167255,-200.64501549116093,3.0098993210148177,6.365927126858374,9.702000622906573,9.887418063280625,9.999999999993578,9.999923689330824,-9.999999999997362,13
0.02017875,75.02804724441967,56.8750831113589,49.09832744842966,56.05831992748551,45.47369334330291,46.40285332390269,3,0,0,255,255,255,0.7738693467336684,0.16014737118805109,6.244248610397547,-122.6302793780586,3.1134485749474714,7.915010421664608,9.947529404709195,9.955407938047701,9.999999999999485,-9.99999971810481,9.999999999999797,130
0.03304125,65.0551368869721,55.87843352375187,53.47284833352249,69.45838866925253,65.70744534650939,65.23681776870235,0,0,0,255,255,255,0.8325358851674641,0.2286805352955386,4.372912625499637,-66.48715620625732,3.1499977992789256,8.415803824227876,9.981221041361037,9.99057517162504,-9.999999999999991,-9.999999571815604,-9.999999999999972,131
0.030832875,60.98309569466573,48.52503212885597,48.807368758184246,52.011325306487876,46.832681501045364,49.963818646861,1,0,0,255,255,255,0.8318181818181818,0.18998227364522718,5.2636489753105655,-254.0,3.1141815663929195,7.588085945325187,9.935196994632735,9.9759599553918,-9.999999999999957,-9.99999958048887,-9.999999999999767,132
0.03890025,89.01089003284041,81.81622975859196,69.1552667827756,59.66821151510721,59.882759062715294,59.831293488627686,0,0,0,255,255,255,1.1716738197424892,0.15340500653326472,6.518692072693592,-220.1028785162049,3.0825221602451145,7.289132585965819,9.52318451117643,9.959232476354895,9.999999999999414,9.999998921199467,-9.999999999998197,133
0.038781333333333334,68.1893866464966,55.55770387815444,52.63846545588943,64.73275376019184,58.853370282044494,59.837389335277486,0,0,0,255,255,255,1.0043103448275863,0.23214633966045664,4.307627686322863,-22.94798399573678,3.070693244018354,6.843408750439576,9.960565736176724,9.983422303589139,-9.999999999999918,-9.999993857110224,-9.999999999999938,134
0.020028,99.67920744291325,84.23375607482858,71.149415817855,70.1937183329122,65.87671119161732,65.60661649898657,1,0,0,255,255,255,1.4324324324324325,0.15368813589563463,6.5066831227550335,-0.6902960854803275,3.0514816307838513,6.7008378367842765,9.887754440649953,9.983585276659925,-9.99999999999983,-9.999997765622942,9.999999999999948,135
0.035679375,59.077856604831226,44.63228288985817,44.946043757773225,48.69757788791372,43.03443691857957,45.08026509670401,1,0,0,255,255,255,1.1851851851851851,0.47769260930335683,2.0933964238178455,-45.94031565855624,3.1426905051731087,7.154004323381661,9.870325237343819,9.990331989712184,9.999999999999947,9.999998316137702,-9.999999999999932,136
0.0216115,90.20255033971111,71.04232314585599,59.8059501499973,61.477050012937454,55.606699027661485,49.7903372795414,0,0,0,255,255,255,0.8828491096532334,0.2438112784536948,4.101532982157478,-80.10147375240034,3.1578753710595677,8.078350163039518,9.937810391956845,9.98870075036759,-9.999999999999936,9.999999062682763,9.999999999999964,137
0.029323125,54.9128830345788,40.485532607228365,31.124634283237775,48.7291049441437,41.509618208895525,37.48206589845655,0,0,0,255,255,255,0.7918552036199095,0.3055618224504596,3.272660150997695,-69.68020120638575,3.106695216234611,6.910065039024948,9.922299279755586,9.997982265368739,-9.999999999999995,9.999999599719278,9.999999999999998,138
0.024273375,105.6927600714775,93.3037930791797,81.02708729214623,51.09277092240722,44.67399119695223,54.12170316462339,7,4,0,255,226,255,0.9182692307692307,0.24466417040328953,4.087235161370339,-87.3576192021093,3.030099698139924,6.783621789620394,9.386898685849678,9.902143594179314,-9.999999999996794,-9.999984788126953,-9.999999999990825,139
0.010826833333333334,137.50311725496837,107.34813965302259,99.43781653607549,52.132762663670796,49.06082390743048,51.531831419816804,10,0,0,255,245,255,1.2202380952380953,0.24302278355750728,4.114840532072927,-142.54500392543218,3.08762813534754,7.602861367587524,9.59041326990807,9.996426902336008,9.999999999999963,-9.99999945621039,9.999999999999984,14
0.021783875,135.48870628695155,118.74709504163056,98.21545370906998,45.13782409308563,39.98686519375131,44.70080842469449,16,10,6,246,231,255,1.3661971830985915,0.2948792183076805,3.3912189734455627,-253.52755191626835,3.111662137316746,7.477768458421993,9.582108726694939,9.986394401391394,9.999999999999686,9.99999752564941,-9.999999999999996,140
0.02043954166666667,125.05788004868015,113.74758077174758,91.94302913674271,62.465725097065274,52.06538199352087,51.1614456420964,6,1,0,255,254,255,1.0476190476190477,0.1560755289721409,6.407154321920056,-157.82937484328784,3.1172148636829182,7.971928968334575,9.881629594922572,9.996377821158596,-9.999999999999982,9.999999688928646,-9.999999999999993,141
0.0185875,121.80815960546963,98.07513337816633,95.05364716431293,45.28569208774478,38.088761432847555,46.5350095654531,15,0,0,255,222,255,1.3202614379084967,0.20429144641219832,4.894967545445279,0.0,3.0614750883506643,7.121610568071692,9.51044534333473,9.907869640322756,9.99999999999484,9.999972136669575,9.999999999994968,142
0.008538125,129.0591220750067,93.23357001683625,85.38861479149891,62.12159286752092,48.1089226899501,59.44869963125927,3,0,0,255,255,255,1.1263157894736842,0.33619769070308125,2.974440418993374,-206.75938803894297,3.120070382343855,7.327621983763904,9.94518209853213,9.985895280831551,9.999999999999904,-9.999998227316798,9.999999999999993,143
0.00873025,125.83404923493981,87.34908794135335,74.39354065843857,56.0829894307748,44.56803437297035,58.39094748497573,3,0,0,255,255,255,0.7264957264957265,0.26495231515373097,3.774264057361776,-254.0,3.1241454576772316,7.328610031157325,9.72172362392128,9.978548775244537,9.999999999999964,-9.99999748365642,9.999999999999533,144
0.007945208333333334,117.02991320764612,83.19411595038939,66.36265568870127,52.96459731722072,45.2339519763806,51.82888609185121,1,0,0,255,255,255,0.8877551020408163,0.44359003080565756,2.254333800476023,0.0,3.167177575641621,7.576563615663482,9.907211947807195,9.999576141641667,-10.0,-9.999999933122606,-10.0,145
0.02707825,116.16701904049683,96.80323537648604,63.80490645936622,57.26391698462471,49.90774445280126,42.55297867015071,7,0,0,255,234,247,1.2467532467532467,0.3251394423956476,3.0756034784084485,-32.86919391024161,3.1504820830240403,7.98877812391341,9.902357646809108,9.999589405773685,10.0,-9.999999973152768,-10.0,146
0.02157225,157.32570393290763,117.2593223547227,97.42691227541556,59.17786279284479,50.14403697910251,60.65703037710227,13,5,0,255,255,255,0.9753086419753086,0.43006079699354316,2.3252526316989393,-111.53395372913504,3.112574187190635,6.845273011313608,9.824056433595677,9.991020774768542,-9.999999999999943,-9.999996930712115,-9.999999999999927,147
0.028808875,115.87385542360354,65.67562657919362,42.76275395458286,50.11706451468267,40.359122872638395,29.99371559975711,5,0,0,255,194,194,0.7696335078534031,0.497828898880187,2.0087222783756036,-219.45947212447552,3.1531666296966474,7.326132391001804,9.818578457514105,9.986099857860218,9.999999999999819,9.999997238985781,-9.999999999999975,148
0.015237666666666667,137.95081814801043,119.98275654627787,99.60025594469845,55.827605178291066,51.80945675873337,54.23664419298306,12,6,5,255,255,255,1.0432098765432098,0.2428166800560398,4.118333220637632,0.0,3.087132392862299,7.275105532957308,9.589385256914536,9.95726219405089,9.999999999998645,9.999990069527293,-9.999999999998797,149
0.015531375,124.05592979801638,95.23412822968561,80.64282245884003,51.302165585870796,45.36808240455205,41.34118514781719,9,0,0,255,254,255,1.095679012345679,0.12176614937933589,8.212463029314303,-230.83786850810054,3.009748243748886,7.320083682702193,9.900033947310996,9.961862466434031,9.99999999999947,-9.999992936787615,9.99999999999969,15
0.01668425,94.96780146944973,75.7620810045402,81.74230436889081,48.1940332225526,46.18582690655675,62.425271889919486,0,3,0,255,254,255,1.2781862745098038,0.1696993688233423,5.8927738325342265,-254.0,3.1057965150613276,7.37673858245421,9.813214412149067,9.972459776335155,9.99999999999968,9.999994928015347,-9.999999999999574,150
0.014178833333333333,109.49046994933762,79.07836505119133,73.02051767305726,60.99285567103733,54.54797199860022,59.051245796830145,4,0,0,255,255,255,0.746268656716418,0.5113224947701944,1.9557129017941568,-55.88107272577668,3.1539203086469203,7.1354544002991664,9.986200044110904,9.998757179838734,9.999999999999998,9.999999675757156,-10.0,151
0.029318,120.14220075266617,91.61228312527003,83.14025086977284,55.85280406157719,49.7397340953076,49.089152147852374,13,0,0,255,255,255,0.8432432432432433,0.2712538284730451,3.6865839115676384,-4.271155945153148,3.0897407633646012,7.113469313437544,9.73893744935425,9.930145501714968,9.999999999997483,9.999989961230048,9.999999999998611,152
0.033310875,136.1415053392223,109.03438441650061,94.96329026681727,57.019933310864744,51.974692658105575,49.82639663955833,1,0,0,255,255,255,0.9388646288209607,0.21993588086184596,4.546779707254926,-204.65881137416335,2.9975822242436028,6.734570371285589,9.182405416450122,9.867933585260475,9.999999999978636,9.99997534114549,-9.999999999996101,153
0.026456791666666667,66.6413381567115,55.2707228610171,47.77924855464019,42.85257843998589,38.77734853603407,35.32933889277976,2,0,0,216,195,201,0.7166156982670744,0.4286267570499459,2.3330321393892426,-177.99110814330913,2.8673638102419847,6.070396549189453,9.404486606272318,9.804219398290781,9.999999999978368,9.999989015230861,9.999999999976406,154
0.007896625,167.42652187907282,162.11003646072425,165.43121797814467,69.89839813034867,73.43644799634636,76.83178541206327,13,2,9,255,255,255,0.7175572519083969,0.2958424639569283,3.3801773640752333,-98.83168442214237,2.999614774473147,6.3788000654054695,9.700576065502633,9.95454252723338,9.999999999998584,9.99999283205889,9.999999999999286,155
0.015433791666666667,81.81652542716064,68.39214008223298,56.903931038765045,47.470651777928104,43.55084321842397,38.911623267216505,3,3,0,205,182,157,0.6946107784431138,0.3538069551225454,2.8264000622976604,-0.035636090720847946,3.0758067427222535,6.873398857389309,9.73179197730661,9.895309934289132,9.999999999994605,9.999962089709264,-9.99999999999812,156
0.037792208333333334,112.33582539610788,75.77551479416502,106.80425638882794,57.544007292611106,45.015250931473545,64.2242621386703,10,0,0,255,251,255,1.092511013215859,0.26365866038972174,3.792782677882679,-28.788947898210942,3.0712659798724844,7.5546558447631655,9.358014460455115,9.985111601343188,-9.999999999999913,-9.999999252054804,9.999999999999487,157
0.018113875,80.91494549528102,57.68113301727727,69.70647960932342,43.57216240457162,35.75178268175695,49.25092875093723,2,0,0,212,191,230,1.0057142857142858,0.21181323475808145,4.721140306184873,0.0,3.033302268323328,6.847584857898795,9.398234934944433,9.996410888558772,-9.999999999999966,-9.99999900496217,-9.999999999999954,158
0.02211375,79.10277353833399,57.24623066342585,71.92585118610216,39.786265146535015,33.86661800995795,47.75084842175193,5,0,0,219,187,236,0.8468776732249786,0.1885984113952486,5.3022715971032515,-254.0,3.0497852288665754,6.939070721238066,9.524491554732778,9.98314844582645,9.999999999999629,-9.999997031174841,-9.999999999999693,159
0.016508083333333333,107.31254637879422,86.87970792086705,66.94593052898328,46.91053355283368,40.89870535244732,34.678432463955815,13,0,0,255,255,255,1.381578947368421,0.1441751029630917,6.936010305855409,-89.5161966107513,2.9292165311492524,6.383844303592239,9.224979994839265,9.586791780138459,9.999999999819936,9.999561446938724,9.999999999928452,16
0.032661625,104.82424838527375,73.118474917685,104.92131948935996,59.93297170488015,48.018417454264075,63.6514987961191,7,0,5,255,255,255,1.1855670103092784,0.28144408173407404,3.5531036710330683,-254.0,3.0908677366913833,7.509531514698149,9.512196522143059,9.979574332781642,9.99999999999965,9.999998111675414,9.999999999999439,160
0.021076625,120.70241914917592,66.45348816520672,102.70735747935608,46.47936707293691,32.47926382437013,57.81061897308479,13,0,10,245,219,255,1.2133333333333334,0.23456763449517495,4.263162742600684,-11.69431380340385,3.12058882625595,7.329877985568064,9.899632917200911,9.999236639552633,-10.0,-9.999999942814174,9.999999999999998,161
0.01761625,135.89025520944205,84.16683459873695,119.9986092386291,49.04036432688017,37.18871649103314,53.076441551313735,6,0,5,251,223,255,1.1946308724832215,0.29119740676241707,3.4340965158925294,0.30135528276449297,3.084195106609015,7.064318558493572,9.693662649461167,9.996777555166538,9.999999999999975,9.99999931391929,9.999999999999986,162
0.026548125,123.72752156068775,84.9378581349907,101.20818482158973,41.20320942738069,31.521599776190627,43.76751388128711,12,7,10,241,205,255,1.1529411764705881,0.3000402252094684,3.33288644648131,-2.384603432445794,3.127765860878151,7.419764225454239,9.866030581779082,9.998739398803677,-9.999999999999998,-9.999999854421636,9.999999999999996,163
0.034155375,101.31007198720553,86.93733904741688,100.83108319944762,47.749852452479914,43.82132045859385,47.84194112982383,8,0,5,237,222,255,1.2037765538945713,0.2085174804709634,4.795760996829879,-24.5326321259831,3.05460527691126,7.729951087895985,9.29576846601283,9.978213719895852,-9.999999999998979,-9.999997069657939,-9.999999999999986,164
0.012401,125.35642958901164,111.12306467220385,94.13716299760772,44.098509096609845,42.93109882120176,36.02704334672449,8,3,0,255,235,236,1.2109375,0.21732914681013285,4.601315629667066,-79.94718167889687,3.0355982934790418,7.451224975454873,9.185370442119615,9.87799726574585,9.999999999985485,9.999975275345669,9.99999999998796,165
0.013548666666666667,120.91628635044039,108.23168023913792,96.46914518033755,54.05079104934689,54.096165909389995,48.03639777654786,12,7,1,255,253,255,1.1349628055260361,0.16134598028243893,6.197861255974252,-19.420324263150125,2.9356788491502743,7.597753043810481,8.85500861382451,9.53103187826105,-9.999999999582235,-9.999870626274484,-9.999999999928177,166
0.015881458333333334,109.22388267240362,95.9410764649552,95.96625257441198,52.84977647706895,47.96163318759977,42.49250435377242,6,3,6,249,241,247,1.0432432432432432,0.17200014993817,5.813948420156786,-149.8280646980887,2.9713591102395935,7.501963578647758,9.417209722256498,9.667995600327973,9.999999999979568,-9.999916792305298,9.999999999912566,167
0.01920825,154.22360400695882,123.15572735673473,92.55566618510275,52.59988447095705,48.499472652515884,56.79161351519808,10,0,0,255,255,255,0.8719512195121951,0.284236483849169,3.51819719431384,-8.961717838255264,3.127163690718799,7.175990121171231,9.867333504101515,9.999754969590168,-10.0,-9.999999989290428,-10.0,168
0.024756,142.42154932137663,113.20177263424355,84.43932783971563,56.91241123284534,51.690273944252326,49.36585282786132,5,0,0,255,255,255,0.668141592920354,0.18117461275548097,5.519537118312889,-118.14661092260462,3.0981883586210346,7.401630829770265,9.75522311791602,9.98904488942219,-9.999999999999993,9.999997823410029,-9.999999999999845,169
0.01453125,123.10784516129033,106.5341505376344,74.79618637992832,48.665277306302514,47.54302281814878,44.28289846619588,3,0,0,255,255,255,1.0374873353596759,0.20701068966930816,4.830668414260082,-116.8934652329749,3.057404745567524,8.036879313285638,9.650470527419227,9.989717771354961,-9.999999999999979,9.999999430350902,9.999999999999822,17
0.013032458333333333,118.26632862180645,90.71182208524229,63.858932345202206,49.58754837999994,51.90278780544733,45.55320887794456,9,5,0,255,255,255,0.8835616438356164,0.15761967410554464,6.344385659179118,-81.42781324833189,3.0715314776560456,6.8343763369033015,9.753236443675638,9.999749904090837,-10.0,-9.99999998957733,10.0,170
0.021322791666666667,68.52016523790076,46.79159232980359,36.2142933910702,52.37043357591843,42.66623051586009,43.27647526951337,0,0,0,255,255,255,1.5245901639344261,0.2821653280973442,3.5440215378085362,-0.4174250166586224,3.129921801851443,7.097410299991288,9.912265937576294,9.9983016377326,-9.999999999999996,9.999999671203552,-9.999999999999996,171
0.020887875,156.86754077824256,123.72046582048198,93.07091634101921,55.371278033724366,46.79927669307374,57.95059765194081,17,0,0,255,255,255,1.1474358974358974,0.3461179188184897,2.8891887580203646,0.05071522753431512,3.1413223564499084,7.9092915315869545,9.80515856874488,9.991957047861623,-9.999999999999917,9.99999960949562,-9.999999999999998,172
0.012898375,124.27028598563773,101.94294500922274,85.13152496600024,51.28228649027972,45.808230111256776,49.39329035673523,7,3,0,255,255,255,0.9407894736842105,0.2757637298682369,3.6262926980189962,-15.148154967841556,3.0740666269494064,7.374541694357352,9.736767439817969,9.954200901657462,-9.999999999998687,9.999990197155743,9.999999999999336,173
0.022444125,131.04455508958358,107.77538665463679,76.48594379746741,47.10593034280333,42.89092504826547,39.13203796857429,12,5,0,255,255,255,1.1011904761904763,0.195338281535527,5.119324241715254,-239.44086332911917,3.056889380477373,7.426142386351141,9.41771864625496,9.98885809062282,-9.999999999999709,-9.999997826336468,-9.999999999999908,174
0.030173125,132.9325807320256,111.19901126140122,110.54690087066996,54.561150801404644,49.64671091695081,55.24892957861908,12,6,4,255,255,255,0.8837209302325582,0.33069234724504454,3.023958698562954,-115.47870000207138,3.0514997737643927,7.0917462042658475,9.287879440865808,9.93398400103827,9.999999999995827,-9.9999937104255,9.999999999995847,175
0.027643916666666667,113.54348455205636,102.58855173079068,92.26676906010063,48.63051391986865,47.27074506073947,50.12022245128831,5,0,0,255,255,255,1.0380952380952382,0.2260378607719779,4.4240376217709425,-171.74359337648127,3.0564264115535957,7.995895028134631,9.339054281826833,9.95900299202205,-9.99999999999887,9.999996288902299,9.999999999997703,176
0.02409025,88.55858698020984,70.75316950495187,62.46699563793098,57.33113764033814,51.996420921777634,52.924003848508704,1,1,0,252,237,255,0.8265895953757225,0.3325969775514722,3.0066418743840133,-245.55036788742333,3.1320012465624307,7.596121375466629,9.874760020285878,9.996213773447197,9.999999999999993,-9.999999464732522,9.99999999999998,177
0.026822125,126.30378993710106,98.99759371538732,81.6183079578271,47.453388323490984,40.26497689149171,50.34259664829166,14,10,0,255,255,255,1.5789473684210527,0.35891709841982605,2.7861587101936545,-31.35857679682973,3.1237482164515415,6.939028434512435,9.89490845199574,9.992657357673135,9.999999999999982,-9.99999970475629,9.999999999999952,178
0.016852458333333334,114.56873502629438,104.61818874100959,90.01346984490394,70.22941507207206,67.79240768398532,68.28180926492446,3,0,0,255,255,255,1.099882491186839,0.2962290304956622,3.3757663734931858,-29.943549284352677,3.1133647541524576,6.958647393955753,9.737546209864531,9.988524519308587,9.999999999999856,9.999997033770766,-9.999999999999902,179
0.013484666666666667,137.03355354229495,112.82335183171008,95.70222042319672,50.01891453439789,48.09077450975137,48.53286716644729,17,0,0,255,255,255,1.0231660231660231,0.17437845605239677,5.7346533662348325,-99.1179611410491,2.9858678655407944,7.8684489768179455,8.99659573102998,9.609091190390883,-9.999999999774522,-9.999983772428433,9.99999999995067,18
0.015003875,83.9313843923653,73.53891633550222,87.82356224641967,49.065247674860146,43.73806799722845,51.00899925583098,7,5,5,255,237,255,0.8390243902439024,0.06856538552653098,14.584618642781747,-166.9778196188207,2.8557433156572514,7.1908754340025345,8.75134805644708,9.899154243598021,-9.999999999983556,9.99999193768997,-9.999999999982883,180
0.012524125,115.22291976485383,106.11590962775178,95.44573972233589,53.88855382552691,52.13828406980496,46.20760486259841,3,0,0,255,255,255,1.0488081725312146,0.10663038627889179,9.378189790893275,-176.27315946889172,3.00758168646375,6.546913976555336,9.503295037741516,9.923344864805486,9.999999999994664,9.99995566116026,-9.999999999999261,181
0.014082125,151.9011690352131,140.13267706400845,141.6243494264301,58.44350436674426,56.11791951446486,54.28500598755296,2,0,0,255,255,255,0.6157635467980296,0.16304784889397902,6.133168924233823,-147.97097384095085,2.9805042958162797,6.383089527331759,9.455281468675045,9.912161288677463,9.999999999994428,9.999952388204067,-9.999999999995293,182
0.024415083333333334,162.51115260033927,140.52751884934517,132.03773282226493,44.82998751204432,43.47809180861023,56.819067353905886,32,17,0,255,249,255,0.9574468085106383,0.3914144773441096,2.554836516996449,-8.844884139244524,3.1074167095614857,7.6617380159885515,9.484577147388542,9.99648667505245,9.99999999999998,9.999999696047531,-9.999999999999956,183
0.02372025,138.17811960947574,122.6260947924242,123.3544703365268,44.348026304776006,41.26628561092313,47.29543120133609,13,7,7,255,234,255,0.9788359788359788,0.23568883130578006,4.242882424506734,-174.37465175676198,3.1175111114333056,7.172663607981452,9.962928561340426,9.998878968835076,-9.999999999999998,9.999999747569928,9.999999999999998,184
0.02372025,108.92215160745214,115.49670113089027,96.28874414617609,55.64758822542541,36.50469574630227,54.04012456726421,37,16,17,255,246,255,0.9788359788359788,0.23568883130578006,4.242882424506734,-174.37465175676198,3.1175111114333056,7.172663607981452,9.962928561340426,9.998878968835076,-9.999999999999998,9.999999747569928,9.999999999999998,185
0.01897225,116.6574756113095,98.01789016414324,91.09003720345945,54.33799596545894,48.08528319597917,44.89987039047762,0,0,1,249,234,255,1.2444444444444445,0.24812569192651468,4.030215461508697,-4.6787588890792255,3.1399981989041366,8.217229415996663,9.94835360340648,9.98675049508693,9.999999999999927,-9.999999010285265,9.999999999999957,186
0.0105845,111.39196072873857,89.17843702269042,82.04838443006282,57.96449439806421,53.69217130970048,52.4259300856933,4,3,0,255,245,255,0.567741935483871,0.27933032945675546,3.5799907655728167,-19.29898278929882,3.059864154250215,6.853093560221132,9.530101309705183,9.985255580753531,-9.99999999999988,-9.999998096815546,-9.99999999999963,187
0.037367875,215.195609196402,213.3180996600244,218.4906922055375,45.71260326772408,43.73345308823929,49.949859615075816,22,26,33,255,255,255,1.13125,0.16420384650268197,6.089991320535619,-94.85984730645418,2.8326953189058224,5.838696090135935,9.115693857548965,9.171409687222992,9.99999999845966,9.997210878803942,-9.999999999953863,188
0.03958004166666667,180.75156881466984,178.97653173263882,185.15139574764638,39.114181010794134,37.44348798685312,42.98265802530537,30,31,27,255,255,255,1.8840579710144927,0.20179077112674607,4.955628022115008,-11.45943083688012,2.8472163053282515,5.855119574844688,9.24932737598375,9.376701874446667,9.999999999467992,9.998773769090922,-9.999999999941867,189
0.012113,107.76499766091527,88.36311882550427,65.67498417677977,37.77979046336492,38.389216156517975,33.24380385113264,7,0,0,255,255,255,1.4790697674418605,0.23334819997560483,4.2854412423331505,-46.605258812845705,3.0675613184671136,7.34529683576343,9.540826161711315,9.926089305012425,9.999999999998789,9.99998378540548,9.999999999995401,19
0.023845125,79.78968796906426,68.84716827164183,71.69117726719124,61.01365562411755,53.789754225613024,57.21532692847228,0,0,0,255,255,255,0.8209876543209876,0.7202563094165927,1.3883946408046877,-174.56489534024251,3.1862234394757225,7.691192902305551,9.994168397092654,9.999947167988465,-10.0,-9.999999995145311,-10.0,190
0.011769375,79.30273485210557,72.77605721062787,54.56003752677323,45.50559584810389,44.16331125391191,35.30209793147851,5,5,1,255,255,255,0.9731543624161074,0.15071704734911506,6.634949513596247,-254.0,3.0054744767687773,6.938220918396223,9.552040851869794,9.93513035428993,9.999999999996945,9.99998262485343,-9.999999999997787,191
0.0324855,187.3901869039007,186.92376727052581,175.94637222760923,59.43228216609491,59.43778937148673,60.31601477920724,0,2,0,255,255,255,0.8112449799196787,0.179564946897343,5.569015652991435,-4.48867699948182,3.0742691378578915,6.764774774318709,9.765759841671182,9.893952758398079,9.999999999995335,9.999975033930593,-9.999999999997398,192
0.041817125,191.34150183686708,190.0207799635516,181.39798587301254,56.15907398083645,57.16336629235379,57.53008189038813,10,8,5,255,255,255,0.8205596107055961,0.21478597213848222,4.655797536699269,-4.295931391744411,3.0872615584038057,6.866000633415381,9.675893392963935,9.911011101519595,9.999999999997526,9.999998109633477,-9.999999999995701,193
0.022354625,143.8417534775615,110.47514962414564,110.4971193507682,62.00546944355667,58.787798411555855,59.54458732030131,3,1,0,255,255,255,0.9859154929577465,0.15385795702409555,6.499501353987294,-111.99597771527517,3.0482572482542056,7.783535552559117,9.45339165152806,9.953642425287756,9.999999999997394,9.999995822669199,9.999999999999934,194
0.024717625,104.50544736127898,77.85279228890316,70.50005141405508,55.26018241159228,54.03290208585421,50.47127486495162,0,0,0,255,255,255,0.9028871391076115,0.23633980594462942,4.231195824177487,-29.727249280624655,3.1180517118206255,7.566371883950937,9.894799139150567,9.998194846115968,9.999999999999995,9.999999820728801,9.999999999999998,195
0.02660525,90.89539815136737,55.406790013249264,80.84584809389125,53.041251138398124,40.96563613586504,49.57126277999073,3,0,0,248,230,249,1.0053191489361701,0.2545806718671945,3.9280279711159953,-1.16981923993698,3.075034084813059,7.314453420906184,9.43221115638144,9.971899469772003,9.99999999999942,9.999999746325988,9.999999999998913,196
0.023532875,70.34554674400529,47.20726324344135,57.570570602472785,54.463434966612915,42.63557245697926,50.80194246102847,0,0,0,255,255,255,1.0976172175249808,0.18944644919617612,5.278536516481808,-142.34507045994167,2.986805968479288,7.842300135733847,8.991752096539393,9.827070143677687,9.999999999968987,9.99997602908783,9.999999999967338,197
0.02349525,63.246987866341776,40.83867838534739,50.635617837648034,50.86940109117089,38.728491175495286,47.04314940589663,0,0,0,255,255,255,1.0157894736842106,0.1934646859918803,5.168901987837722,-192.79637728193288,3.0620187255114826,7.207755507019975,9.558933827046113,9.915495520836835,9.999999999994275,9.999991373742535,9.999999999999615,198
0.03651925,73.69627776218478,60.292046888513134,49.69278645280685,52.85636190448513,47.795556831659894,47.41897314179945,0,0,0,255,255,255,0.907103825136612,0.18930540521166617,5.282469345668031,-90.73111897606513,2.999109916514235,6.8273998625160335,9.11892387711736,9.86683975627202,9.999999999992104,9.999997695907076,-9.999999999977348,199
0.0083055,62.0155469267353,50.140875524251,34.095609335179496,41.36732985183435,41.829105977644645,33.49315037038229,2,2,0,248,251,244,1.5326086956521738,0.16527245472659804,6.050615038384834,-32.57686673489455,3.03133072062318,7.398287794768923,9.454126950285596,9.935245375842966,-9.999999999998186,9.999986065433673,9.999999999995946,2
0.019290666666666668,91.68284533107548,68.27491921827482,60.49662617500691,55.206056508024126,47.42104455641112,45.901339664373445,9,0,0,255,255,255,1.0,0.16243569170319574,6.15628246178192,-157.01095521150125,3.037724471377959,7.1024697973279265,9.487855954960283,9.930229369901635,-9.999999999995309,-9.999992269400893,9.99999999999931,20
0.028376708333333334,140.88776593479687,74.5688541512185,91.14109282701041,83.31519714222995,50.70532370574052,51.53502893457467,4,0,0,255,230,255,0.720164609053498,0.31890065658065236,3.1357727849235015,-52.79164103189088,3.104489903281338,6.9635985199570065,9.73015844612511,9.99710759252132,-9.999999999999979,-9.999999294567898,9.999999999999993,200
0.020289625,63.1891360732394,36.07968563572105,42.03497682518364,64.62949629182586,37.04047813066654,43.64114252310106,0,0,0,255,207,234,1.0819672131147542,0.17010038717670237,5.878881386442675,-250.19509149791253,3.085983082143116,7.238598113601761,9.711800418608037,9.978354606317268,-9.999999999999545,-9.99999627306717,9.999999999999824,201
0.03662225,81.03563976362275,61.55434196424305,58.712988688570476,54.42810172443836,41.67281630782507,40.74911421301754,0,0,0,236,197,206,0.8801652892561983,0.19916817215347524,5.020882549593868,-254.0,3.0972716570300127,7.900512328310702,9.7160874837074,9.994866096965652,9.999999999999964,9.99999973098114,-9.99999999999996,202
0.06901879166666666,116.18697323373888,105.4775716275338,81.30301047238946,52.12791120254571,55.33725761934386,47.65913661763992,4,2,0,255,255,255,1.4456521739130435,0.203435563185933,4.91556139123019,-113.61075576639453,3.0267162110455113,6.523838396505412,9.696278824693518,9.997990627089525,9.999999999999988,9.999998980885659,-9.999999999999996,203
0.03745425,50.54562121343595,44.90806673029986,47.06847353771602,51.38129345712074,49.41981511081494,49.71733150876019,0,0,0,230,208,255,0.8509520682862771,0.2381444523557885,4.1991320398507,-66.89666504246291,3.120147452565259,7.090919319809582,9.980703494750674,9.991392951657696,9.99999999999999,-9.99999897035914,9.999999999999975,204
0.034826875,61.39199133810695,57.789739724470444,50.09537653512314,49.52138228095746,49.44539632619843,45.7237634299383,0,0,0,225,201,226,0.9069767441860465,0.24737058844972337,4.042517771683779,-122.59489259372252,3.144522643789293,7.361926403154814,9.992658429517418,9.997559812823294,-9.999999999999998,-9.999999718113688,-9.999999999999998,205
0.021623041666666665,139.82972061053698,112.52731942969787,105.3281665198968,54.88564030024654,48.21922402088206,54.17174967900742,15,0,0,255,255,255,0.7793427230046949,0.22877121419531593,4.371179317805478,-3.6986046905981853,3.0411010881354428,7.2078987937835315,9.400583625306492,9.931657847275472,9.999999999999485,9.999981942620657,-9.999999999994754,206
0.0633095,187.23241048605132,170.20538518442467,152.6855211303201,55.810176983197444,53.60535328510341,48.713515733467695,13,11,10,255,255,255,0.9749303621169917,0.17159505286527357,5.8276738361745215,-219.05839434313438,3.0079393049583993,6.735622674569857,9.803628898214384,9.976372277486986,-9.999999999999886,-9.99999320623271,9.99999999999958,207
0.027100666666666665,154.78137530442055,135.69457854665322,126.91816160734054,45.545000786744296,49.59630297516832,54.5889174672709,19,17,13,255,255,255,1.5012765957446808,0.15978779360625692,6.258300320886944,0.2884000393594254,2.9263597054067585,6.44718716717092,9.430844657740618,9.545824485043816,-9.999999999971175,9.999580842017734,9.999999999823137,208
0.010833,64.54610141850519,56.38186944213668,42.26043109018739,54.560804418254605,50.02751342522865,42.45119908813466,0,0,0,255,255,255,1.2251461988304093,0.3039084271694482,3.290464859146651,-0.9949229207052526,3.1635235402188098,8.159721447546518,9.989797832098532,9.995643935383015,9.999999999999993,-9.999999638927026,-9.999999999999998,209
0.015615333333333333,122.83824926354438,101.41691393075183,99.36250426930795,41.21703899151274,38.00257149924409,45.10808082580432,14,3,0,235,207,255,1.7211155378486056,0.14492241459593427,6.900243849703392,-107.5157163898732,2.956776096126009,6.526539518653864,9.978206756957798,9.997217527359963,9.999999999999995,-9.999999363949179,9.999999999999998,21
0.012324125,57.092521781465216,47.9957975380267,37.495288712180376,51.851572451949025,45.87597747503047,46.786175311957855,0,0,0,255,255,255,1.2050264550264551,0.24550287711015334,4.073272019337592,-2.1022655428546315,3.1399809217385886,8.01624785049941,9.969220480767284,9.995777585529439,9.99999999999999,-9.999999618079032,-9.999999999999998,210
0.013546875,72.60908573625528,72.53419761630143,76.91844982698962,59.91080260436272,58.760370983120765,60.87832072223988,0,0,0,255,255,255,1.0440613026819923,0.15399592601901288,6.493678280010162,0.168156862745098,3.036643158219758,7.206888070306813,9.401600290328144,9.975580315341396,-9.999999999999721,9.999993757287184,9.999999999998998,211
0.006400375,72.45839761993112,80.8242095189735,64.79707569217949,49.4612311793315,54.57306027050572,54.522747968784735,2,3,0,255,255,255,0.9655172413793104,0.3755188760574082,2.6629819797564735,-249.876413491397,3.13352741944857,8.017411686595626,9.689162280194095,9.973848503826245,9.999999999999885,9.99999801947788,-9.999999999999323,212
0.013624,117.5688062732433,101.40415198669015,74.78958394499902,52.044538007603535,50.80077160448332,46.894236972789656,4,2,0,255,255,255,0.852112676056338,0.30071771406277165,3.3253777653781396,-66.96141001174398,3.0503248239996226,7.345361750507558,9.309874040132293,9.83242906817214,9.999999999975854,9.999958003630265,9.999999999986409,213
0.03511875,64.95735896066915,56.20595598267782,46.81347214806905,51.624487608165715,48.01866448264922,47.15272456699813,0,0,0,255,255,255,1.100502512562814,0.327141360917931,3.0567825394928936,-15.460677463368334,3.1071571830380997,7.510532551036542,9.655897692434856,9.966053920791477,9.999999999999288,9.99999489700416,9.999999999999153,214
0.016076375,69.99023670862782,58.93270145373776,45.41641591051051,57.36548644777741,47.97927667830672,41.08701352174409,3,2,0,247,255,255,1.014388489208633,0.33711092982206586,2.966382610399324,-231.5100885616316,3.1310520495362093,8.152418985120041,9.963503933776643,9.957973757191674,-9.999999999999602,-9.9999963504226,9.99999999999988,215
0.0360285,115.65409906971796,94.63771851913532,84.80132395187144,67.8750974696064,62.417485793960516,62.910206918717954,0,0,0,255,255,255,1.2475728155339805,0.26120142546277936,3.8284630270610123,-158.7549856363712,3.0785044426441144,9.599256198319164,9.49423249472535,9.995949735337549,9.999999999999984,9.999999955289486,-9.999999999999943,216
0.02317775,114.63219754577845,97.70836973678061,75.56213933621684,54.78655240608329,54.35260320048081,53.274533811724304,3,0,0,255,255,255,0.8235294117647058,0.24602272195767774,4.064665214832664,-1.9091082323924167,3.1062645047640287,7.385026661993627,9.727563275888391,9.971715276558594,9.999999999999291,9.999994188787644,9.999999999999991,217
0.019377375,141.6508815048478,118.03080697634914,98.94900195029857,64.15728432171079,63.14326813498946,61.66344180726921,2,1,0,255,255,255,1.0451977401129944,0.2251937590420578,4.440620398423327,-74.16456907432853,3.0429527722695875,7.731347965352191,9.276246784742952,9.966239473681778,9.999999999998956,9.999997954198792,-9.999999999998215,218
0.04788425,89.95101642676524,74.29211327315349,65.73175591835172,63.1264385494182,57.89339780563883,58.04186816984746,0,0,0,255,255,255,1.055793991416309,0.3880480174640184,2.5770006674306183,0.567268987193075,3.1162222894592744,7.14396117303395,9.790812631978415,9.97883796875471,9.999999999999785,-9.999995963329534,9.999999999999686,219
0.013537875,146.12428095251286,106.08169056566608,103.87052990221878,68.66983810583903,59.45387572882079,66.73434815685809,9,0,0,255,255,255,1.296875,0.18431931156738238,5.425367485892188,0.0340895450726203,3.0607971926233386,7.930322661200269,9.570136077120944,9.949952508433764,9.99999999999797,9.999995290479793,9.9999999999987,22
0.043416166666666665,86.24564390376857,76.08669197725885,64.87893814516099,69.15306055618244,65.6711917182429,64.15181447547008,0,0,0,255,255,255,1.4395604395604396,0.4230105918015015,2.3640069997801447,-63.213259653662035,3.110470053544108,6.9101535326918135,9.988585315338192,9.997853037493309,10.0,9.999999846327773,-9.999999999999998,220
0.038485875,94.69786425972299,80.73899623346661,69.59042007836209,65.11812060350474,60.950526298198994,62.48456431326421,0,0,0,255,255,255,0.8809523809523809,0.29017703007916723,3.4461721512797365,-43.52105371992538,3.1091699073634262,8.344449015878721,9.708822204602757,9.94881317640588,-9.999999999999755,-9.99999835364475,-9.999999999998138,221
0.0401345,111.52193457831375,95.65791692101973,84.60774707545878,68.45712673465599,64.46151115597758,68.33706146630144,2,0,0,255,255,255,0.8086642599277978,0.20547852461131844,4.866688632748811,-12.75087102949665,3.11512738338875,7.721467645845633,9.855026526951141,9.995493757416247,9.999999999999988,-9.999999766142883,9.999999999999973,222
0.007721125,143.70944972397157,136.4037462157393,125.03914045340974,59.170251111348094,57.78313120588826,58.555025218094244,18,14,0,255,255,255,1.2337662337662338,0.6787358559263514,1.4733272027222686,-254.0,3.1870227168233782,8.29268815289196,9.998061762572439,9.997708321592372,10.0,9.999999842303591,-9.999999999999998,223
0.022474,136.7709760908902,127.46873238705467,106.50590867965946,47.929159340927846,43.61530415652769,47.028084772936324,11,12,0,255,254,255,1.3780385582564962,0.21896354133377896,4.566970345421391,-118.17891786063896,2.902248151346681,6.097294578552467,9.61251515323503,9.72571643069324,-9.999999999996673,9.999718016479205,9.999999999957058,224
0.032730125,106.04824683682082,87.06307517411966,74.34414141915641,35.34583617453668,39.81264192075397,42.34972837986179,15,8,0,240,236,246,1.463768115942029,0.1727697818051376,5.7880492152716485,-0.20479858641949367,3.0373184502218913,7.575831025211076,9.472913803695786,9.87860281138345,-9.999999999990612,9.99999181284829,-9.999999999992154,225
0.02533125,86.69796529319845,83.51525947857554,68.93429393864626,62.36405649121738,64.12619146271014,59.70833015612799,1,0,0,255,255,255,0.759090909090909,0.24753932101231035,4.039762232159089,0.02049510650546915,3.063696476340014,7.078970437813925,9.515609066331237,9.815246230247267,9.99999999997764,9.999934255179882,9.999999999991253,226
0.029271,85.493191497842,71.5519712343275,67.54166951362555,60.75422095534657,58.1498839256037,55.42551823428311,3,0,0,255,253,255,1.2849462365591398,0.22227330254806366,4.498965861109768,-153.3861728901188,3.1095680432798405,7.6908861234114845,9.81143841059448,9.985340144827486,9.999999999999837,-9.999998339983293,9.99999999999988,227
0.0130305,91.38113784326517,77.06552575368046,79.05438842203549,66.08754629695328,61.519545210685585,71.49688533047811,2,1,0,255,255,255,1.2258064516129032,0.38925406014757535,2.5690162348480614,-3.9064118798204213,3.100898511429178,7.273834229044611,9.492566964065203,9.957709436005642,9.999999999998384,9.999996785301336,-9.999999999998638,228
0.026777,100.58214917030786,80.20718807185271,54.82701261032478,43.770448303829205,38.25326483661868,31.026762874813027,0,0,0,255,250,236,0.8874281018898932,0.23813412529921063,4.19931414173994,-131.44069537289465,3.0628826207998023,7.594480012744671,9.506415040379869,9.949251597959673,9.999999999997396,-9.999995072271926,-9.999999999999098,229
0.016421666666666668,116.16624632091748,98.10080939815285,81.13097280016238,47.01568545404943,47.449194432821116,45.75698698670691,4,0,0,255,255,255,1.4356435643564356,0.18045017431265778,5.541695949082908,-254.0,2.936473668001424,6.113771210026043,9.48933245988264,9.914353657466506,-9.999999999995364,-9.999927953403459,-9.999999999995278,23
0.026699625,83.8001314000977,73.2385036618804,77.43605637407516,56.36727695892045,52.23670586791476,61.88331792029773,2,1,0,234,223,255,1.8053613053613053,0.23890345598337956,4.185791268207586,-3.5017626652059723,3.090905262833621,6.804731203189979,9.987258994466153,9.989430248870992,-9.999999999999995,-9.99999950002166,9.999999999999972,230
0.017302416666666667,148.1031118003747,124.11433614764796,121.5345809111444,48.96924572875449,46.144169182798585,58.618048341468665,14,7,8,255,242,255,0.8493975903614458,0.4649093249320162,2.1509570713513835,-183.82584321072682,3.119505202671344,7.083106259522394,9.853217822555198,9.994147650819146,9.99999999999996,9.999999558031917,9.999999999999984,231
0.008178208333333332,149.51025336641584,128.509045889228,115.63683977236253,45.59258729260682,45.699162713776026,43.149168252282095,17,10,4,255,255,255,0.7160883280757098,0.41287271484862015,2.4220539745913565,-4.428292668015101,3.12509941724102,7.277470989872061,9.929621989782149,9.991831949700156,9.999999999999991,-9.999999688089424,-9.999999999999954,232
0.0129755,102.01143822331831,93.91405276611049,83.52421871989519,46.67989088401064,44.532821296517156,37.24256695383008,4,3,2,250,235,233,0.7249757045675413,0.2672485227674796,3.7418354632767326,0.0,3.0456499771101777,6.763891300558279,9.79863007958589,9.902836367092387,9.999999999995831,9.999955393927769,9.999999999999613,233
0.03939170833333333,121.85413279655934,112.36626785882393,93.6615647751589,55.30810218421019,46.374749547695885,40.507788826028985,7,8,4,255,249,255,1.1260454002389486,0.16867973274314102,5.928394500853654,-0.3965724597287288,2.9977358714716966,7.765011041897957,9.051629169644132,9.935599281307326,-9.999999999992493,-9.99999118624863,9.999999999997916,234
0.007349916666666667,83.38800893434166,80.8505595301534,71.85426705518204,53.315627175057486,54.2113083091733,58.630371507111136,2,0,1,255,255,255,1.4031496062992126,0.20868295786670987,4.791958146568782,-0.12091973831902858,2.9514962726423266,7.02027824345628,9.021332075556085,9.941082973936329,-9.999999999993294,9.999981988898515,-9.999999999997923,235
0.1181235,56.33528961919799,34.13407754031444,26.879395293908495,63.37191271586538,42.000823356111944,43.280928860738086,3,0,0,255,255,255,1.2160433070866141,0.4962366931439223,2.0151673864833097,-135.94888189056368,3.149046604817286,7.362721760864544,9.787785504894527,9.997183226848122,9.999999999999984,9.999999728263829,-9.999999999999991,236
0.0686645,115.06090362074532,89.37359673970295,72.43051419098175,78.50006726118077,68.06048580777971,64.3949163126942,0,0,0,255,255,255,0.4894905593159957,0.22523249892751324,4.439856613773005,-19.941305186814148,3.024082880897876,6.398738280067633,9.781295597940396,9.90577963814544,9.999999999995843,9.999946550945955,9.999999999999469,237
0.07400491666666667,79.10444745225261,66.19780273607947,59.509994268398835,62.966194156943104,57.87441943081866,57.033633892618646,0,0,0,255,255,255,0.7445790816326531,0.11425690709768845,8.752206106410359,-4.891852906169523,2.821544155122084,5.840326821711747,9.81544803849036,9.845866442101924,-9.999999999994726,9.999791890129428,-9.99999999999297,238
0.022765875,92.2892798248841,72.56458039353491,59.03594012236882,51.089708861839085,46.22140892323688,42.259300490824806,2,0,0,226,218,233,0.6266760762173607,0.12933898530016688,7.731620885064609,-107.66855362832895,3.000244244465071,6.614319037991832,9.932633836201324,9.976091784429752,-9.999999999999998,9.999990908944305,-9.99999999999976,239
0.022229875,77.11951634155987,51.60660110174559,49.88550692855148,44.06768981359583,34.66865711469942,39.377858940842124,0,0,0,255,255,255,0.8324324324324325,0.2907561741404621,3.439307876972938,-148.41941306462587,3.057917520285839,8.193709656351146,9.55845207609561,9.98424009139835,9.999999999999847,9.999999713498156,9.99999999999962,24
0.02347975,93.43841679177447,75.83548412284344,59.99773386286765,55.59098623368496,53.8798578830738,46.70103176455515,3,1,0,236,231,245,0.8957198443579767,0.16137104547276368,6.196898564238502,-111.98510773467918,3.0059195373269882,6.892697436463801,9.249911423465457,9.977454577905915,9.999999999999188,9.999993402240266,9.999999999999186,240
0.020355916666666668,94.15029414052425,73.5110144061309,54.52758411763983,50.09626591515685,45.7667631402929,38.62381953425668,3,2,0,220,210,214,1.1839402427637722,0.07532205078376544,13.276324656515575,-27.14851947222552,2.9924436398922527,6.889328579920412,9.844615878582733,9.982203679824938,-9.999999999999776,9.9999980580409,-9.999999999999904,241
0.02675120833333333,86.80148716023731,67.48573662560413,45.58439727800457,55.00009038581825,50.84452357549433,38.467564629015534,2,0,0,228,221,216,1.0201342281879195,0.11502672554690423,8.693631808132215,-15.975533815450703,3.0365550998988655,7.399874841337548,9.46124500751881,9.983995247115104,-9.999999999999927,-9.999996776113617,-9.99999999999951,242
0.024148125,88.77204061737022,70.71446885972858,81.32869701753931,53.07329191814082,46.6177875457435,51.08373586854861,2,0,2,253,242,255,0.676056338028169,0.277456579052567,3.6041675544855747,-1.190492705610339,3.09445427025529,6.77201158298292,9.882174529298974,9.984287847578376,9.99999999999983,9.999993751214594,9.999999999999986,243
0.006230625,113.5008258936035,88.21972113552012,63.12108202093155,52.715141639539574,54.18640260792369,53.01093823543645,13,9,2,228,218,202,1.0774410774410774,0.20566478091838034,4.862281210880781,-83.09416524559468,3.008855184724457,7.170932245198624,9.211852888541348,9.947269036974843,-9.999999999996428,-9.999992070859667,9.999999999997154,244
0.01123225,98.44874134745932,87.97511258504159,82.18691342636902,49.55767180492028,49.43379434265361,47.96264201305186,5,0,0,255,255,255,1.719298245614035,0.1297430738139475,7.707540530708181,-35.47715284114937,2.9878990289672522,6.7335891570517115,9.543462588061203,9.895564286863365,9.99999999999161,9.999980254701427,-9.999999999999632,25
0.016128,101.86797288359789,84.14807064318784,89.05190507192461,66.48314220272245,56.509849164163576,64.57054285177465,3,2,0,255,255,255,1.494910941475827,0.15047960102825775,6.645419001423171,-90.42577608300265,3.0057665698225486,6.962361942119413,9.36464463027387,9.848061635342564,9.999999999982066,9.999955772293688,9.999999999988237,26
0.0036175,107.43830914535822,72.90449205252246,58.16352222990094,45.155035166844264,41.17154011968696,38.951526215936894,9,0,0,255,255,255,0.7278911564625851,0.22835853445632473,4.379078725389695,0.0,3.0791674252080443,6.803646775938275,9.74455815855773,9.95277964427757,9.999999999998538,9.999985640548616,-9.999999999999613,27
0.007338916666666666,152.19131456731807,128.73026786423972,110.85352629248186,60.202406140214045,59.47303040204753,61.87425102626825,9,4,0,255,255,255,0.8736263736263736,0.09631387679705875,10.382719845309321,-166.1806124882192,3.047659225338701,6.827471511164,9.693330546576256,9.937488024603503,9.999999999998465,9.999977870053378,9.999999999997803,28
0.014658625,95.11351394372483,78.32015281105834,68.3754245935982,57.48835627325656,54.51573401537721,50.94305852889268,0,0,0,255,255,255,1.3571428571428572,0.15938102449297167,6.274272631770123,-5.269872401629303,3.075700570440162,6.863548656802293,9.809728701284122,9.961907929667243,-9.99999999999911,-9.999985928353109,-9.999999999999908,29
0.02176816666666667,106.61331722928742,87.06846771661984,62.86262623555804,58.82587311899781,59.98826364933432,54.7324502969624,3,0,0,255,255,255,1.0687022900763359,0.15905237513234285,6.287237139135781,-198.44633983875536,3.0883611393465413,9.130118484448127,9.55742565931257,9.980647298414045,9.999999999999442,9.99999951002845,-9.999999999999929,3
0.017617916666666667,138.54624317101437,99.01907385947071,77.12591821772344,49.36981945170727,44.34876608122793,48.40909666705978,21,0,0,255,255,255,0.9263565891472868,0.24301598049110967,4.114955724223857,-249.50344109925976,3.0803904394917017,7.643340545790082,9.411956410962723,9.988982168623895,9.999999999999972,-9.999998395164754,9.999999999999698,30
0.011362125,130.80313615044133,110.84205566006946,93.56194740567162,50.07429689633281,49.40002021304206,47.63672063629761,8,0,0,255,255,255,0.9448818897637795,0.3498642992389728,2.8582510481201164,-16.668712938820864,3.090356491582352,7.847655410794044,9.689653279342703,9.925005904021525,-9.999999999997298,9.999990397200058,9.999999999997577,31
0.009864166666666667,91.086939258258,76.283416406184,74.69413280391991,68.51819481173814,60.8616971237911,58.45082250831513,2,0,0,255,255,255,1.2147239263803682,0.20698378182190313,4.831296400121001,-15.334662498943988,3.0273620704678947,7.549934846668404,9.515827489189762,9.861524491574755,9.999999999989017,9.999977936257098,-9.99999999999083,32
0.008155916666666667,84.73465071369456,70.85525845245272,55.49679680395623,55.267635366736165,50.385320929257716,44.80968301857826,6,2,0,255,255,255,0.9845360824742269,0.16483258495151645,6.06676161933431,0.0,3.0049258685663753,7.521077355343428,9.096945643575939,9.784952506163009,-9.999999999942535,-9.999955983309425,-9.99999999998692,33
0.0080445,79.30026208382539,65.87739034951416,44.335845401620155,51.360768548920966,48.33149801074313,36.9909169742142,7,5,0,255,255,255,1.1411042944785277,0.1580705055964353,6.326290892954982,-39.8330122029544,2.9619853467840724,7.5750746501225015,8.991410378433274,9.763657220561448,9.999999999929885,9.999951207618349,9.999999999959407,34
0.00541725,71.2880612857077,57.11564139246543,48.083975571861494,48.883767544162055,49.54143218502322,47.2021851276119,5,5,0,192,188,182,0.625,0.29525252060383905,3.3869312883562825,-254.0,3.080159400275499,6.698334961639745,9.939674539515272,9.99506905777741,9.999999999999991,-9.999999930388721,9.999999999999982,35
0.009457333333333333,111.74829497391795,88.43912572254335,63.46918616946285,50.74702261561796,46.2221421554381,35.499562430911034,9,7,5,255,255,238,0.8608247422680413,0.17879532318617752,5.592987457274231,-216.3008776258283,3.02966944607377,7.834036635593038,9.264301720003173,9.978506307931056,9.999999999998957,-9.999998116670984,-9.999999999999915,36
0.0104475,142.60352556432957,117.72198691872059,91.58747307968413,63.649250228512784,62.295756441217904,53.26071983320733,11,8,0,255,255,255,0.9851851851851852,0.19991093992291917,5.002227493828963,0.008088059344340759,2.989442695082959,7.114814525032854,9.211026240286934,9.813913163467285,9.99999999998399,9.999937084570199,9.999999999964917,37
0.01157,111.84182872371075,92.67999135695764,73.69265701526938,47.0269654511382,45.57876729106329,44.09892690014207,0,0,0,255,255,255,0.889763779527559,0.320426572656422,3.120839797115929,-254.0,3.1258391749917775,7.316011927844519,9.771783782379512,9.983268090436011,9.999999999999742,9.999996784774387,-9.999999999999888,38
0.016584833333333333,92.50466791948467,68.2136465043363,53.35651800339668,50.42578035190769,44.58816868058127,41.98480314162374,4,0,0,255,255,255,0.8448275862068966,0.22264006749311813,4.491554513343222,-7.171451828477826,3.099856060469862,7.645075952365844,9.646456735650371,9.991230847570316,9.999999999999973,9.999999124255945,9.999999999999861,39
0.01286725,86.35933927865965,69.58228577719922,49.0789892945268,46.07666021017124,45.53840412538581,36.61007658287006,5,3,0,210,201,190,1.296,0.1490452780415888,6.709370555977407,-0.8401562105344964,3.070263258792103,7.00191958404429,9.956223092832259,9.992119861512588,-9.999999999999986,9.999999806956108,9.999999999999968,4
0.01470125,85.4321798033047,71.09253181418813,56.04179066405918,39.00912966809165,34.21862788442583,29.16526743057317,8,5,0,210,191,152,1.1245186136071887,0.22198421803052054,4.504824752281411,-4.77034265793725,3.0415143366698656,8.262184354329984,9.333331321378958,9.942480646033399,9.999999999996994,9.999996480637112,9.999999999996763,40
0.0093895,107.5233061753377,97.90795125761045,77.16804675435327,55.845213272471106,55.901935027795396,52.38133532489914,8,5,0,255,255,255,0.4491525423728814,0.2923424809422706,3.4206455277261347,-177.52801888634468,2.984495177130431,6.25848118331303,9.659821919405026,9.8575965774455,9.999999999988558,9.99987489580004,-9.999999999999703,41
0.013253875,108.27123514192391,92.4546783487848,76.25330327922966,46.35064452495272,45.368179585141895,42.863069925177264,3,0,0,255,255,255,1.027027027027027,0.2077046494514512,4.814528719702232,-242.8706887608341,3.1111545004577583,8.243636833435225,9.986556113278738,9.986123680989001,-9.999999999999977,-9.999999013672399,-9.999999999999961,42
0.019391333333333333,119.0475448654038,85.42250403960533,76.48012857977791,47.99796880583717,44.95245864802464,42.7223091356597,11,0,0,255,255,255,0.8012422360248447,0.21511505222311367,4.648675160874415,-0.9040980506755596,3.028531979552155,6.779654844582552,9.711472007170444,9.977177243962341,-9.999999999999948,9.999992554386722,9.999999999999474,43
0.012554333333333334,127.00183867456124,103.29353742399702,88.42585561426334,48.30789912343073,45.1959315936269,45.46596517587922,9,0,0,255,255,255,0.8389830508474576,0.28101784674719255,3.558492855791018,-11.839285240156121,3.0348674553841635,8.509216114116985,9.153595578993178,9.917613095502904,-9.999999999990656,-9.999998127669391,9.999999999995973,44
0.013615416666666666,89.05096857116627,74.80014689230957,47.33235609144046,46.040288134023065,42.82184800071397,42.04209301943399,9,6,0,235,217,250,0.9702970297029703,0.19960116157285518,5.009990884420291,-16.040750374881416,3.069349429416555,7.056481182861308,9.864529439974136,9.99913172315891,9.999999999999998,-9.999999786947196,-9.999999999999998,45
0.020934458333333333,98.75631484772913,84.42244744012564,68.4666369442725,45.116983404329694,42.30267497143755,44.161856556184176,5,0,0,255,243,241,0.9551282051282052,0.2557205277537331,3.9105190685467046,-165.45418140346757,3.1181895308031593,8.567024416020207,9.609317892624022,9.996495825294424,9.999999999999964,9.999999820970764,9.999999999999986,46
0.012116,94.8547272202047,82.9542581435017,109.70195746671068,59.198221012850674,52.42729801160636,66.94287514806337,3,0,0,255,243,255,1.007936507936508,0.23605879078951464,4.236232832740911,0.0,3.0762751997843787,8.065442507174545,9.367865221704752,9.992186066588063,9.999999999999858,9.999999527001947,-9.99999999999987,47
0.009546375,109.06776568767377,89.05055583925835,110.66532671651106,62.73058274468275,54.26655384488815,66.23459967379456,6,4,4,255,237,255,0.696969696969697,0.27628558555679794,3.619443258265737,0.34192734589482043,3.08094267591377,6.93139467169083,9.515091314841282,9.96134096270687,9.999999999999497,-9.999997734128545,-9.999999999998305,48
0.01780525,181.83911814399312,184.90425576725966,159.38617355368032,38.70784946363298,37.773434693499425,44.09615550758479,32,14,17,255,255,255,0.8561643835616438,0.6128229411612418,1.6317926970958248,-122.92138554639783,3.1571771288333195,7.383064940239693,9.774173620119315,9.991508607284645,-9.999999999999984,-9.999999130781575,9.999999999999902,49
0.008956916666666667,121.95088060437465,99.49544579142749,79.55371081938539,62.20554227723179,62.67766531070676,60.17040783943257,6,0,0,255,250,245,1.2142857142857142,0.12932809694675448,7.7322718234328205,-158.01337885991273,3.001232845306523,7.1357053465126805,9.355399137824358,9.8278122398751,9.99999999997788,-9.99999958526487,-9.999999999984123,5
0.019849666666666668,122.11744739626191,95.00974827453022,104.86522653612991,54.72590692677946,53.278151485722134,56.3744061622761,10,4,4,255,250,255,0.8493150684931506,0.21079536401592897,4.7439373473328885,-166.21301785084552,3.0801763075339195,7.410121830293389,9.594715835851815,9.95398505482724,9.99999999999889,9.999993828034787,9.999999999998318,50
0.021936333333333332,129.2709602789892,108.5601475482077,131.83512703429622,52.81239303662712,50.47306293529595,58.2764068959622,5,2,2,247,248,255,1.38135593220339,0.28968045728990816,3.4520796099096813,-11.489796228479387,3.0626380252904286,7.255481144668423,9.353506678209145,9.977749159351564,-9.99999999999903,-9.999994672329628,-9.999999999999988,51
0.020392,109.41142564077415,97.11783828625605,105.92190564927422,47.05223512411098,47.8768050166617,51.5217163980035,7,0,6,245,240,255,0.937984496124031,0.3284409259804054,3.0446875553488195,-76.65497907676213,3.0718220881556126,7.683484752729291,9.364112457588405,9.988384806389341,-9.999999999999746,9.999999695871086,-9.999999999999755,52
0.0164825,124.50289953991607,105.12211436371909,105.59176146417919,48.61106263466452,46.842134271510666,46.93231968967758,19,0,1,255,234,241,0.7704918032786885,0.3820399277120438,2.6175274558041846,-254.0,3.0822063179869725,7.2715711784401575,9.455717855924387,9.989638143158965,-9.999999999999972,-9.999997612007979,9.999999999999744,53
0.01179075,111.74148166995315,99.25816494568483,84.50671783672229,55.12735174473065,55.87585840050301,53.71306247538559,7,0,0,234,240,238,1.0092592592592593,0.2088169862801502,4.78888244588518,0.06284587494434202,3.0100591626701036,6.668456399794835,9.610402887022042,9.92348837480484,-9.999999999996994,-9.999997031921762,-9.999999999996751,54
0.013451333333333333,71.99095195024037,47.837197056053924,33.5946963126332,40.42840314215665,38.23780394746878,31.981206024457013,4,0,0,220,191,170,0.9285714285714286,0.2256202901012398,4.432225486240527,-17.035008921048718,3.083301948129204,7.566391095813658,9.726563296516346,9.9980327223007,9.999999999999996,9.99999972025474,-9.999999999999988,55
0.008527833333333333,92.5645533253855,76.86732659722087,59.92730177653566,54.07594998993741,50.86139309163242,43.963559584285626,0,0,0,255,255,255,1.3472222222222223,0.33105766328305,3.020621815796761,-35.347079172122655,3.0477234443118357,6.971401296377113,9.488883971020666,9.770129899987868,9.999999999978108,9.999930958089834,9.99999999996904,56
0.007866333333333333,94.59632293741261,79.68334463324717,62.76728886817238,54.8550832070038,52.26630391162066,45.39312148954312,0,0,0,255,255,255,1.3333333333333333,0.3020956356373895,3.310210019716287,-173.52031865757024,3.015911383040558,6.737550723690285,9.337400189678316,9.62515261984125,9.99999999989179,9.999791066728536,9.999999999924087,57
0.010403666666666667,74.82939508506617,60.47057527794688,52.16240668354106,49.49227729865104,43.824063296595405,43.68838297700684,3,1,0,255,255,255,1.1927710843373494,0.2535485181823723,3.9440183171582106,-2.4176412162378647,3.0369940131639677,8.329851996829907,9.172318262253375,9.805997234279678,9.999999999964613,9.999989168494743,-9.999999999973994,58
0.0114715,84.08003167269611,68.2764568713769,62.41357930523471,57.53349456179204,51.72035802733615,54.71550666708135,3,0,0,255,255,255,1.04,0.21083035003433642,4.743150119690001,0.0,2.969002365031378,7.987505206748974,9.015920645661273,9.864345864134568,-9.999999999996884,-9.99999879171223,-9.999999999971832,59
0.00577325,99.59400395502244,83.30677405851701,67.20873569191241,49.59745280475107,51.17812544842592,48.57822379159549,7,4,0,201,199,204,1.5982142857142858,0.1618506409471331,6.178535927614681,-252.64547698436755,3.0456348431472082,6.859889184466605,9.525062304316979,9.901345633923635,9.999999999992145,9.99996270938592,9.999999999999364,6
0.007962833333333334,107.65947527052766,85.07537099441154,68.8714130230027,54.976860601758226,51.04521187023133,46.31843397196173,6,6,0,255,255,255,1.0680272108843538,0.2244870035723145,4.454600863685875,-193.4064298721142,3.0968953169995306,7.670819680215156,9.793951165728373,9.993663684721023,9.999999999999943,9.999999076717723,-9.99999999999998,60
0.016996833333333333,75.80724840901736,52.755802551455666,69.63907247428442,49.46692969852889,34.12138298515471,46.39927561159466,4,3,3,211,193,240,0.84472049689441,0.18791593984640556,5.321528343029995,0.0,2.932389610769176,6.694966209651755,9.370594331914228,9.711046797854161,9.999999999935008,9.999874457138526,9.999999999968896,61
0.0200545,59.279951714910204,40.5533088999144,49.027884431590586,40.58584645452308,31.240178397912853,32.39865906228563,3,0,0,193,182,208,0.6764705882352942,0.16281981134479845,6.141758743855425,-254.0,3.010125045808045,7.2815029978500005,9.3505968179113,9.914793648113374,9.999999999993683,9.99997852148177,-9.999999999994845,62
0.013184833333333333,73.0190085830942,57.99138530382131,59.9767662339304,65.25463976448916,58.797617514820814,54.731540009823576,0,0,0,255,255,255,1.4457831325301205,0.36512846169480045,2.738762120482199,-139.1849220695496,2.996668951518292,6.276399945980991,9.725954647110337,9.909749738860707,9.999999999996191,9.999948856331129,9.999999999997565,63
0.02632075,67.26484174399792,50.05345592355841,55.19816431269373,44.36605732289278,35.2794171479545,35.77181740908694,1,0,0,187,185,196,1.3795620437956204,0.19928030725167403,5.018057297236769,-197.0543329249103,3.002649817634133,7.2228999201677615,9.980646776018135,9.983601679140005,-9.999999999999956,9.999999093021076,-9.999999999999947,64
0.024412833333333335,59.47885162858333,39.97087426694976,52.611186397864515,41.52924318853662,31.198525113432456,38.92540580006507,2,0,0,202,177,225,0.70625,0.18669668651382731,5.356281456691922,0.07276227667142277,3.0143379905776495,7.040604744478891,9.855807130917809,9.918650916015272,9.999999999997595,9.99997825955467,-9.999999999999158,65
0.024656666666666667,91.45933148573747,72.9335169663377,70.81611802081925,66.04640040410699,58.18152926965298,59.954408305061946,0,0,0,255,255,255,1.423264907135875,0.14824105897622636,6.7457694036050855,-175.01053129647156,2.9690669119037345,6.951239180446429,9.062188674405432,9.951210674022654,-9.9999999999974,-9.999991259136726,-9.999999999995813,66
0.017510333333333333,110.33575888522968,89.91863375911366,88.1391178542194,59.10087198833934,54.383227652754954,55.414982527553725,0,0,0,255,255,255,1.7766990291262137,0.1751620169275556,5.7090002589623134,-195.8739601378234,2.880893073161678,6.403433406471671,8.630691812390225,9.554821820562447,-9.999999999774046,-9.9998088186607,9.99999999956388,67
0.0161465,109.28607334922945,92.61858091020758,84.73291683440168,59.923689298199605,54.366568721531756,52.80507302480723,5,4,4,255,255,255,1.0714285714285714,0.25508657269495494,3.9202377037524045,0.0,3.0123687155491665,7.393117958289063,9.148888708591473,9.939583774379559,9.999999999994218,9.999999904787499,-9.999999999997806,68
0.017729,63.17977607310057,61.18455167616147,54.62972154849869,46.06679906450284,41.134045869262714,44.47146614823877,0,1,0,232,253,255,0.8045112781954887,0.26834771793479345,3.7265083068183738,-157.0573918438716,3.0961464432979566,7.008666234404662,9.680249987250114,9.996765828664929,9.999999999999975,9.999999161025743,-9.999999999999984,69
0.005498625,91.16385914660484,71.60073351671251,50.257155197890384,40.69320830063709,35.69488363777494,33.302364524767086,11,9,4,236,232,221,0.6527777777777778,0.2532306950486019,3.9489683500150323,0.0,3.0265934190407577,6.383435434016025,9.97715366457071,9.99525490580364,-9.999999999999993,-9.999997448299826,-9.999999999999991,7
0.015266166666666667,50.69719805233796,48.74256525868751,44.75581896787013,37.87117693518929,34.63127780344889,37.399605135251626,0,0,0,255,255,255,0.5634920634920635,0.28379395247937594,3.523683261264675,-60.10862801183445,3.0419126605011226,6.467886327444578,9.9451507595492,9.998011239085164,9.999999999999995,9.99999918940737,-9.999999999999998,70
0.006874666666666667,99.34523492048099,73.5363047905353,54.45639182505818,50.06103383541019,45.85563568344358,42.749782532881866,6,4,0,255,255,255,1.1285714285714286,0.2880169075280579,3.472018391496535,0.0,3.011903461118905,6.445419710911235,9.90342434198788,9.985173619561543,9.999999999999863,-9.999999377005523,9.999999999999966,71
0.0073725,128.65015824573302,115.84637730304058,74.54777325647112,60.846879786319434,63.483965013848746,48.48574799265993,7,0,0,255,255,255,0.3108108108108108,0.2194499449322822,4.556847805580569,0.0,2.8987153400439927,6.008932029209332,9.473876733742504,9.520775989436125,9.999999999809354,9.999135750414462,9.999999999995339,72
0.018310166666666666,135.72293625581418,118.43931877554364,91.79726654590802,56.91482763043282,61.89142409699763,60.60547157580654,5,0,0,255,255,255,0.9758064516129032,0.23815850915202758,4.198884195069547,0.0,3.066240586455041,7.45632134408235,9.398639741584308,9.98891648134181,-9.999999999999813,9.999997974926176,9.99999999999975,73
0.016965333333333332,128.26827255580005,108.82296005580007,76.27223406554542,47.53618934992456,53.56727055160387,45.67928054050975,6,3,1,255,255,255,1.1481481481481481,0.28908219419761433,3.4592237781208848,-0.005049512731845285,3.023617834931497,6.997057064618909,9.231150909575442,9.98399703629707,9.999999999999751,9.999995686787155,9.999999999999348,74
0.00476125,105.55332108164873,81.65403868031855,78.60267786820688,59.65607774506151,54.494725307105824,53.323136286219366,12,6,2,255,255,255,1.276190476190476,0.20151093420891072,4.962509870369776,-79.86537148857968,3.014030799290031,6.3792162909696675,9.910358367944013,9.979066539170066,9.99999999999997,9.999993440037224,9.999999999999774,75
0.013378,110.83375068520456,90.53487068321124,64.45392933672198,61.554675023247064,58.38615622612765,49.203196265409794,5,0,0,255,255,255,0.5343511450381679,0.36475690533204186,2.7415519360472427,0.1124732147306523,3.0392128540482974,6.510125945645472,9.807216500606879,9.859822792549323,9.999999999993031,9.99991469184338,-9.999999999996888,76
0.007123375,84.87350331362124,68.95140997069507,67.02446756862676,56.43332910992632,53.60675619955159,53.4191565666186,0,0,0,255,255,255,1.1682242990654206,0.19263908404263186,5.19105458255883,-16.026813132819765,2.953888733697231,6.920194879018611,9.095217652844568,9.879043769984245,-9.99999999999187,9.999952877980363,-9.99999999998068,77
0.019386833333333332,84.15991308534143,73.16555909938876,44.343848058390144,60.52150962836234,57.559225680650094,40.83407674502841,0,1,0,255,255,255,1.2148148148148148,0.1266957978103266,7.8929216065783265,-41.339568951436114,2.909040797462798,7.225945433718872,8.828283593140554,9.727198214854416,9.999999999868017,9.999999964419072,9.999999999994657,78
0.012790333333333334,85.31110408902556,65.12718263792969,44.00724179719059,60.530344353891365,48.82967500486502,44.88349078717169,4,3,0,255,255,255,1.7419871794871795,0.1393632130439493,7.175494724596687,-254.0,2.924113930151513,6.255993221806316,9.669861402076387,9.910594287252774,-9.999999999995982,9.999930617795945,9.999999999996916,79
0.007269875,54.76989517242961,42.12067493136631,35.776715555631974,34.72325636654845,34.35751159946998,35.82089171425222,4,4,3,167,171,183,1.0296610169491525,0.23929694127799103,4.178908408351654,-254.0,2.9867835371654405,6.377646836767181,9.80029233341505,9.946479862643798,-9.999999999998492,-9.999970838004367,9.999999999999543,8
0.012707,76.4423939560872,59.143382256499045,43.44553854830671,57.97136115149376,49.17503235619132,48.38407487797402,2,0,0,255,255,255,1.9565972222222223,0.1699359406385928,5.884570363643196,-28.95627082185672,2.967902334909476,6.314616432738144,9.644119070891731,9.60572617678001,9.999999999913694,9.99959609918483,9.999999999982792,80
0.015636166666666666,88.10591630514726,68.73323331592356,48.52152594945479,60.11675446258074,52.76957913598319,49.50401447955212,3,2,0,255,255,255,1.9135802469135803,0.1439302543422827,6.947809580198758,-126.14941854887707,2.931687879850192,6.115737998966175,9.779426197343163,9.947828272434075,9.999999999999087,-9.999996755630695,9.999999999998671,81
0.04024433333333333,112.94482970687385,96.30270307206811,75.13899782992223,56.71495982213772,53.95494139550035,50.73854161327515,0,0,0,255,255,243,1.881188118811881,0.07403781256313642,13.506611897091798,-161.59314354816,2.604095814841271,5.5382834633725,7.881330648523979,8.374415571096046,9.999999874491786,9.976940155421367,-9.999999961475377,82
0.18745783333333332,93.76569486293361,83.5069122211484,61.49863658227139,78.5587675342281,72.62943819410299,53.19102758397679,1,0,0,255,242,234,1.6920415224913494,0.37990264855809996,2.632253299089705,-9.38806149294019,3.065603247532172,6.546364467881089,9.83120448712389,9.983455629976827,9.999999999999803,9.999995645627164,9.999999999999883,83
0.015821865720477002,100.18287096586808,84.79046579753201,82.13378505099458,69.51829678158431,65.67095152522523,66.8795716506481,3,1,0,255,243,255,0.8833333333333333,0.4483784506268101,2.230258832915745,-10.4689592790221,3.106516530250884,6.897201859672168,9.810150325330085,9.996483000762888,9.999999999999993,-9.999998935969243,-9.999999999999977,84
0.05283633333333333,77.69553858140547,22.564004252124484,22.72829697367342,52.77881863652352,25.33270898989938,25.43445812575944,4,0,0,233,174,159,1.3345375722543353,0.2029854349755018,4.926461842548523,-105.76374843068848,3.130451183075297,8.084463110227954,9.81816127867531,9.999728855433792,-10.0,9.999999992890796,-10.0,85
0.0253965,91.79119826222774,73.792719141089,61.99315850609336,66.16599037677628,58.68186080433406,55.982204886129935,2,1,0,255,255,255,1.0289855072463767,0.28238437040837794,3.541272481028799,-88.78358566469133,3.080059501801815,6.659863012929588,9.923331066199022,9.997617143808077,-9.999999999999996,-9.99999891061361,-9.999999999999993,86
0.025438333333333334,67.63741073183516,52.78134868636572,37.9847687217454,64.11920735358866,59.016757562236094,54.78764322695573,0,0,0,255,255,255,1.8780487804878048,0.48536058366187296,2.0603238780849518,-8.70765904474874,3.069916663514542,6.571824886848891,9.96974524936628,9.99874532935318,-10.0,-9.999999384174382,-9.999999999999998,87
0.0432945,90.54806037718417,39.04691608248931,39.15233555455466,57.640511447935644,34.50137443299979,36.03608649438299,5,0,0,249,210,176,1.1895424836601307,0.35783068498826354,2.7946177953763094,-55.1993594259471,3.1181115559828436,7.835024497568976,9.610605639780495,9.970918922487906,9.999999999999252,-9.99999916199374,9.99999999999941,88
0.019838166666666667,81.51463298859942,70.09355283166288,65.46795738853557,54.26400797878663,51.06557496605097,50.652295073106345,0,0,0,200,184,193,0.926829268292683,0.35591926994579176,2.8096259023909473,0.28619916154886627,3.1329492623329833,7.679719446256685,9.670074197691477,9.998412660108615,-9.99999999999999,9.999999954922034,9.999999999999998,89
0.007018,87.15482212406194,70.93431770684906,67.5211301890377,52.99783995005644,52.06478860635684,54.569178095773225,6,3,0,255,255,254,1.0485436893203883,0.19633136825634037,5.093429587338169,-3.8845350052246603,3.012645609120033,7.625118793808853,9.092838466409125,9.959059366310045,-9.999999999997272,9.999995160373894,-9.999999999997666,9
0.0197255,81.16849171546137,59.108829096009394,57.07836725727274,49.59129829258736,42.399479161627994,44.602700205003934,1,1,0,255,255,255,1.009090909090909,0.24889280558762888,4.017793915894117,-74.10321664850068,3.1311195547770723,7.464411844700763,9.970688756516473,9.992637763212795,9.99999999999999,-9.999999931391311,9.999999999999977,90
0.039453166666666664,89.4987675260541,71.18484257706395,55.7479965697726,64.29633802438006,57.53409804531566,50.37184084880473,3,0,0,255,255,255,1.1538461538461537,0.45642072603898426,2.190960977338405,-254.0,3.091777935825315,6.655329345271746,9.960901022600469,9.995511385623619,9.999999999999988,9.99999794826687,-9.999999999999993,91
0.034042916666666666,81.0776030255927,68.28644480618827,71.70087634480986,53.409697245301096,48.60526503889549,57.075468764059096,2,2,0,230,215,255,0.7843137254901961,0.2973603263294747,3.3629234011933224,-254.0,3.0767944718091456,7.524967002917614,9.373814837676516,9.975087761691983,-9.999999999999753,9.999996233523126,9.999999999998908,92
0.038795666666666666,75.54917430640879,56.114034428243706,42.42026171307792,51.240017745944904,44.06745153207635,40.30506630148734,1,0,0,236,218,255,0.9125,0.5510921974600125,1.8145784037750374,0.3549966920704203,3.1428578425001015,7.269903493235003,9.736697198679773,9.995362088175597,9.999999999999975,9.999999407882163,-9.999999999999963,93
0.0403435,96.504565997827,83.50684331635414,44.77779877799398,61.53062994815627,61.6946069417265,38.59714770491172,3,0,0,255,255,255,0.912751677852349,0.21660701430086438,4.616655666611574,-190.82739474760496,3.102185069379247,7.003532919125484,9.888524782491691,9.990500912156426,9.999999999999924,9.999997061716465,9.999999999999984,94
0.028906833333333333,71.71341695446867,54.98213657670332,31.641768670614216,62.06717409062754,50.52922798857918,31.17620335523289,0,0,0,255,255,255,1.2941176470588236,0.4179893910555086,2.3924052174497366,-254.0,3.0766618046187384,6.585721819621225,9.852287424916,9.991073581282514,9.999999999999995,-9.999998189945478,-9.999999999999918,95
0.0365135,105.84271684901931,87.9574906084964,64.019556693643,64.73697664056229,56.502852667666865,50.846824559479096,2,2,0,255,255,255,1.5083333333333333,0.43497639553920814,2.298975324305226,-92.33672477302915,3.1252689198199404,6.973578911275492,9.789212619284497,9.992007414065643,9.999999999999995,-9.999998815863226,-9.999999999999913,96
0.038646,100.59977207645466,81.1874935310252,70.2089996377374,71.1289928934385,66.11335605476242,65.63988891007811,3,0,0,255,255,255,1.5847457627118644,0.48829259622686916,2.047952411580811,-36.13590884783246,3.104046092616249,6.705800040231545,9.910100002905404,9.989238385721443,9.999999999999932,9.999997508368747,9.99999999999995,97
0.026421166666666666,53.36859809370013,49.71052722880014,40.645426331161254,50.0597273037601,51.0711290980852,45.36482638558493,0,0,0,174,170,196,1.25,0.2003409582810435,4.991490549810702,-197.6288455594315,3.0714944251712786,6.908812356779038,9.64114464688444,9.998501393103451,9.999999999999991,9.999999872114548,9.999999999999996,98
0.0363615,60.03841173585615,44.70160288583621,34.32901787146662,44.533548857686455,37.34834650680289,32.72125957511559,0,0,0,255,255,255,0.6098901098901099,0.42309912902972546,2.363512310443951,-0.10025255650436127,3.1194548966224938,6.994082496094829,9.860562753036337,9.997706200448944,9.999999999999993,9.999999655011996,9.999999999999993,99
